tx_id,timestamp,from_address,to_address,amount_btc,asset,risk_scenario,source_hop
TX0031,2026-09-06T10:00:00,SEED_WALLET,BRIDGE_A,1.80000000,BTC,seed_trace,0
TX0032,2026-09-06T10:01:00,BRIDGE_A,FANOUT_1,0.25000000,BTC,fan_out,1
TX0033,2026-09-06T10:02:00,BRIDGE_A,FANOUT_2,0.25000000,BTC,fan_out,1
TX0034,2026-09-06T10:03:00,BRIDGE_A,FANOUT_3,0.25000000,BTC,fan_out,1
TX0035,2026-09-06T10:04:00,BRIDGE_A,FANOUT_4,0.25000000,BTC,fan_out,1
TX0036,2026-09-06T10:05:00,BRIDGE_A,FANOUT_5,0.25000000,BTC,fan_out,1
TX0037,2026-09-06T10:06:00,BRIDGE_A,FANOUT_6,0.25000000,BTC,fan_out,1
TX0038,2026-09-06T10:10:00,FANOUT_1,SYNTH_MIXER,0.20000000,BTC,mixer_exposure,2
TX0039,2026-09-06T10:12:00,FANOUT_2,SYNTH_HIGH_RISK_SERVICE,0.18000000,BTC,high_risk_service_exposure,2
