tx_id,timestamp,from_address,to_address,amount_btc,asset,risk_scenario
TX0001,2026-09-01T10:00:00,WALLET_01,MERCHANT_01,0.02000000,BTC,
TX0002,2026-09-01T13:00:00,WALLET_02,MERCHANT_02,0.03000000,BTC,
TX0003,2026-09-01T16:00:00,WALLET_03,MERCHANT_03,0.04000000,BTC,
TX0004,2026-09-01T19:00:00,WALLET_04,MERCHANT_04,0.05000000,BTC,
TX0005,2026-09-01T22:00:00,WALLET_05,MERCHANT_05,0.06000000,BTC,
TX0006,2026-09-02T01:00:00,WALLET_06,MERCHANT_06,0.07000000,BTC,
TX0007,2026-09-02T04:00:00,WALLET_07,MERCHANT_07,0.08000000,BTC,
TX0008,2026-09-02T07:00:00,WALLET_08,MERCHANT_08,0.02000000,BTC,
TX0009,2026-09-02T10:00:00,WALLET_09,MERCHANT_01,0.03000000,BTC,
TX0010,2026-09-02T13:00:00,WALLET_10,MERCHANT_02,0.04000000,BTC,
TX0011,2026-09-02T16:00:00,WALLET_01,MERCHANT_03,0.05000000,BTC,
TX0012,2026-09-02T19:00:00,WALLET_02,MERCHANT_04,0.06000000,BTC,
TX0013,2026-09-02T22:00:00,WALLET_03,MERCHANT_05,0.07000000,BTC,
TX0014,2026-09-03T01:00:00,WALLET_04,MERCHANT_06,0.08000000,BTC,
TX0015,2026-09-03T04:00:00,WALLET_05,MERCHANT_07,0.02000000,BTC,
TX0016,2026-09-03T07:00:00,WALLET_06,MERCHANT_08,0.03000000,BTC,
TX0017,2026-09-03T10:00:00,WALLET_07,MERCHANT_01,0.04000000,BTC,
TX0018,2026-09-03T13:00:00,WALLET_08,MERCHANT_02,0.05000000,BTC,
TX0019,2026-09-03T16:00:00,WALLET_09,MERCHANT_03,0.06000000,BTC,
TX0020,2026-09-03T19:00:00,WALLET_10,MERCHANT_04,0.07000000,BTC,
TX0021,2026-09-03T22:00:00,WALLET_01,MERCHANT_05,0.08000000,BTC,
TX0022,2026-09-04T01:00:00,WALLET_02,MERCHANT_06,0.02000000,BTC,
TX0023,2026-09-04T04:00:00,WALLET_03,MERCHANT_07,0.03000000,BTC,
TX0024,2026-09-04T07:00:00,WALLET_04,MERCHANT_08,0.04000000,BTC,
TX0025,2026-09-04T10:00:00,WALLET_05,MERCHANT_01,0.05000000,BTC,
TX0026,2026-09-04T13:00:00,WALLET_06,MERCHANT_02,0.06000000,BTC,
TX0027,2026-09-04T16:00:00,WALLET_07,MERCHANT_03,0.07000000,BTC,
TX0028,2026-09-04T19:00:00,WALLET_08,MERCHANT_04,0.08000000,BTC,
TX0029,2026-09-04T22:00:00,WALLET_09,MERCHANT_05,0.02000000,BTC,
TX0030,2026-09-05T01:00:00,WALLET_10,MERCHANT_06,0.03000000,BTC,
TX0031,2026-09-06T10:00:00,SEED_WALLET,BRIDGE_A,1.80000000,BTC,seed_trace
TX0032,2026-09-06T10:01:00,BRIDGE_A,FANOUT_1,0.25000000,BTC,fan_out
TX0033,2026-09-06T10:02:00,BRIDGE_A,FANOUT_2,0.25000000,BTC,fan_out
TX0034,2026-09-06T10:03:00,BRIDGE_A,FANOUT_3,0.25000000,BTC,fan_out
TX0035,2026-09-06T10:04:00,BRIDGE_A,FANOUT_4,0.25000000,BTC,fan_out
TX0036,2026-09-06T10:05:00,BRIDGE_A,FANOUT_5,0.25000000,BTC,fan_out
TX0037,2026-09-06T10:06:00,BRIDGE_A,FANOUT_6,0.25000000,BTC,fan_out
TX0038,2026-09-06T10:10:00,FANOUT_1,SYNTH_MIXER,0.20000000,BTC,mixer_exposure
TX0039,2026-09-06T10:12:00,FANOUT_2,SYNTH_HIGH_RISK_SERVICE,0.18000000,BTC,high_risk_service_exposure
TX0040,2026-09-08T10:00:00,SOURCE_1,COLLECTOR,0.04000000,BTC,fan_in
TX0041,2026-09-08T10:01:00,SOURCE_2,COLLECTOR,0.04500000,BTC,fan_in
TX0042,2026-09-08T10:02:00,SOURCE_3,COLLECTOR,0.05000000,BTC,fan_in
TX0043,2026-09-08T10:03:00,SOURCE_4,COLLECTOR,0.05500000,BTC,fan_in
TX0044,2026-09-08T10:04:00,SOURCE_5,COLLECTOR,0.06000000,BTC,fan_in
TX0045,2026-09-08T10:05:00,SOURCE_6,COLLECTOR,0.06500000,BTC,fan_in
TX0046,2026-09-10T10:02:00,PEEL_0,PEEL_1,0.70000000,BTC,peel_chain
TX0047,2026-09-10T10:03:00,PEEL_0,CHANGE_1,0.05000000,BTC,peel_chain
TX0048,2026-09-10T10:04:00,PEEL_1,PEEL_2,0.60000000,BTC,peel_chain
TX0049,2026-09-10T10:05:00,PEEL_1,CHANGE_2,0.05000000,BTC,peel_chain
TX0050,2026-09-10T10:06:00,PEEL_2,PEEL_3,0.50000000,BTC,peel_chain
TX0051,2026-09-10T10:07:00,PEEL_2,CHANGE_3,0.05000000,BTC,peel_chain
TX0052,2026-09-10T10:08:00,PEEL_3,PEEL_4,0.40000000,BTC,peel_chain
TX0053,2026-09-10T10:09:00,PEEL_3,CHANGE_4,0.05000000,BTC,peel_chain
